objectid,parentid,title,object_location,creator,date,description,subject,publisher-digital,location,type,format,language,rights,rightsstatement,display_template,object_transcript
lhs1952_001,,1952 LHS Yearbook - Cover,/objects/lhs1952_001.jpg,London High School,1952,Front cover from the 1952 London High School yearbook.,,London Public Library,"London, OH",Image;StillImage,image/jpeg,eng,"Educational use includes non-commercial use of text and images in materials for teaching and research purposes. For other uses beyond free use, please contact the London Public Library, London, Ohio. ",https://rightsstatements.org/page/InC-EDU/1.0/?language=en,image,L 1952
lhs1952_002,lhs1952_001,1952 LHS Yearbook - Inside Cover,/objects/lhs1952_002.jpg,London High School,1952,Inside cover from the 1952 London High School yearbook.,,London Public Library,"London, OH",Image;StillImage,image/jpeg,eng,"Educational use includes non-commercial use of text and images in materials for teaching and research purposes. For other uses beyond free use, please contact the London Public Library, London, Ohio. ",https://rightsstatements.org/page/InC-EDU/1.0/?language=en,image,
lhs1952_003,lhs1952_001,1952 LHS Yearbook - p. 1,/objects/lhs1952_003.jpg,London High School,1952,Forward from the 1952 London High School yearbook.,,London Public Library,"London, OH",Image;StillImage,image/jpeg,eng,"Educational use includes non-commercial use of text and images in materials for teaching and research purposes. For other uses beyond free use, please contact the London Public Library, London, Ohio. ",https://rightsstatements.org/page/InC-EDU/1.0/?language=en,image,
lhs1952_004,lhs1952_001,"1952 LHS Yearbook - p. 2, 3",/objects/lhs1952_004.jpg,London High School,1952,Image of London High School. ,,London Public Library,"London, OH",Image;StillImage,image/jpeg,eng,"Educational use includes non-commercial use of text and images in materials for teaching and research purposes. For other uses beyond free use, please contact the London Public Library, London, Ohio. ",https://rightsstatements.org/page/InC-EDU/1.0/?language=en,image,
lhs1952_005,lhs1952_001,"1952 LHS Yearbook - p. 4, 5",/objects/lhs1952_005.jpg,London High School,1952,Image of London High School and faculty title page. ,Faculty,London Public Library,"London, OH",Image;StillImage,image/jpeg,eng,"Educational use includes non-commercial use of text and images in materials for teaching and research purposes. For other uses beyond free use, please contact the London Public Library, London, Ohio. ",https://rightsstatements.org/page/InC-EDU/1.0/?language=en,image,
lhs1952_006,lhs1952_001,"1952 LHS Yearbook - p. 6, 7",/objects/lhs1952_006.jpg,London High School,1952,Board of Education and administrative staff.,Faculty,London Public Library,"London, OH",Image;StillImage,image/jpeg,eng,"Educational use includes non-commercial use of text and images in materials for teaching and research purposes. For other uses beyond free use, please contact the London Public Library, London, Ohio. ",https://rightsstatements.org/page/InC-EDU/1.0/?language=en,image,
lhs1952_007,lhs1952_001,"1952 LHS Yearbook - p. 8, 9",/objects/lhs1952_007.jpg,London High School,1952,Images and names teachers.,Faculty,London Public Library,"London, OH",Image;StillImage,image/jpeg,eng,"Educational use includes non-commercial use of text and images in materials for teaching and research purposes. For other uses beyond free use, please contact the London Public Library, London, Ohio. ",https://rightsstatements.org/page/InC-EDU/1.0/?language=en,image,
lhs1952_008,lhs1952_001,"1952 LHS Yearbook - p. 10, 11",/objects/lhs1952_008.jpg,London High School,1952,"Images and names of secretaries, cafeteria workers, bus drivers, and custodians.",Faculty,London Public Library,"London, OH",Image;StillImage,image/jpeg,eng,"Educational use includes non-commercial use of text and images in materials for teaching and research purposes. For other uses beyond free use, please contact the London Public Library, London, Ohio. ",https://rightsstatements.org/page/InC-EDU/1.0/?language=en,image,
lhs1952_009,lhs1952_001,"1952 LHS Yearbook - p. 12, 13",/objects/lhs1952_009.jpg,London High School,1952,Senior introduction and senior names and images.,Seniors,London Public Library,"London, OH",Image;StillImage,image/jpeg,eng,"Educational use includes non-commercial use of text and images in materials for teaching and research purposes. For other uses beyond free use, please contact the London Public Library, London, Ohio. ",https://rightsstatements.org/page/InC-EDU/1.0/?language=en,image,
lhs1952_010,lhs1952_001,"1952 LHS Yearbook - p. 14, 15",/objects/lhs1952_010.jpg,London High School,1952,Senior names and images. ,Seniors,London Public Library,"London, OH",Image;StillImage,image/jpeg,eng,"Educational use includes non-commercial use of text and images in materials for teaching and research purposes. For other uses beyond free use, please contact the London Public Library, London, Ohio. ",https://rightsstatements.org/page/InC-EDU/1.0/?language=en,image,
lhs1952_011,lhs1952_001,"1952 LHS Yearbook - p. 16, 17",/objects/lhs1952_011.jpg,London High School,1952,Senior names and images. ,Seniors,London Public Library,"London, OH",Image;StillImage,image/jpeg,eng,"Educational use includes non-commercial use of text and images in materials for teaching and research purposes. For other uses beyond free use, please contact the London Public Library, London, Ohio. ",https://rightsstatements.org/page/InC-EDU/1.0/?language=en,image,
lhs1952_012,lhs1952_001,"1952 LHS Yearbook - p. 18, 19",/objects/lhs1952_012.jpg,London High School,1952,Senior names and images. ,Seniors,London Public Library,"London, OH",Image;StillImage,image/jpeg,eng,"Educational use includes non-commercial use of text and images in materials for teaching and research purposes. For other uses beyond free use, please contact the London Public Library, London, Ohio. ",https://rightsstatements.org/page/InC-EDU/1.0/?language=en,image,
lhs1952_013,lhs1952_001,"1952 LHS Yearbook - p. 20, 21",/objects/lhs1952_013.jpg,London High School,1952,Senior names and images. Class prohecy.,Seniors,London Public Library,"London, OH",Image;StillImage,image/jpeg,eng,"Educational use includes non-commercial use of text and images in materials for teaching and research purposes. For other uses beyond free use, please contact the London Public Library, London, Ohio. ",https://rightsstatements.org/page/InC-EDU/1.0/?language=en,image,
lhs1952_014,lhs1952_001,"1952 LHS Yearbook - p. 22, 23",/objects/lhs1952_014.jpg,London High School,1952,1952 Senior class will. Underclassess title page.,Seniors; Underclassmen,London Public Library,"London, OH",Image;StillImage,image/jpeg,eng,"Educational use includes non-commercial use of text and images in materials for teaching and research purposes. For other uses beyond free use, please contact the London Public Library, London, Ohio. ",https://rightsstatements.org/page/InC-EDU/1.0/?language=en,image,
lhs1952_015,lhs1952_001,"1952 LHS Yearbook - p. 24, 25",/objects/lhs1952_015.jpg,London High School,1952,"Junior introduction, names, and images. ",Underclassmen,London Public Library,"London, OH",Image;StillImage,image/jpeg,eng,"Educational use includes non-commercial use of text and images in materials for teaching and research purposes. For other uses beyond free use, please contact the London Public Library, London, Ohio. ",https://rightsstatements.org/page/InC-EDU/1.0/?language=en,image,
lhs1952_016,lhs1952_001,"1952 LHS Yearbook - p. 26, 27",/objects/lhs1952_016.jpg,London High School,1952,"Sophomore introduction, names, and images. ",Underclassmen,London Public Library,"London, OH",Image;StillImage,image/jpeg,eng,"Educational use includes non-commercial use of text and images in materials for teaching and research purposes. For other uses beyond free use, please contact the London Public Library, London, Ohio. ",https://rightsstatements.org/page/InC-EDU/1.0/?language=en,image,
lhs1952_017,lhs1952_001,"1953 LHS Yearbook - p. 28, 29",/objects/lhs1952_017.jpg,London High School,1952,"Freshman introduction, names, and images. ",Underclassmen,London Public Library,"London, OH",Image;StillImage,image/jpeg,eng,"Educational use includes non-commercial use of text and images in materials for teaching and research purposes. For other uses beyond free use, please contact the London Public Library, London, Ohio. ",https://rightsstatements.org/page/InC-EDU/1.0/?language=en,image,
lhs1952_018,lhs1952_001,"1954 LHS Yearbook - p. 30, 31",/objects/lhs1952_018.jpg,London High School,1952,Eighth and Seventh grade names and images. Activies title page.,Underclassmen,London Public Library,"London, OH",Image;StillImage,image/jpeg,eng,"Educational use includes non-commercial use of text and images in materials for teaching and research purposes. For other uses beyond free use, please contact the London Public Library, London, Ohio. ",https://rightsstatements.org/page/InC-EDU/1.0/?language=en,image,
lhs1952_019,lhs1952_001,"1955 LHS Yearbook - p. 32, 33",/objects/lhs1952_019.jpg,London High School,1952,Yearbook staff.,Clubs; Activities,London Public Library,"London, OH",Image;StillImage,image/jpeg,eng,"Educational use includes non-commercial use of text and images in materials for teaching and research purposes. For other uses beyond free use, please contact the London Public Library, London, Ohio. ",https://rightsstatements.org/page/InC-EDU/1.0/?language=en,image,
lhs1952_020,lhs1952_001,"1956 LHS Yearbook - p. 34, 35",/objects/lhs1952_020.jpg,London High School,1952,Senior services scouts.,Clubs; Activities,London Public Library,"London, OH",Image;StillImage,image/jpeg,eng,"Educational use includes non-commercial use of text and images in materials for teaching and research purposes. For other uses beyond free use, please contact the London Public Library, London, Ohio. ",https://rightsstatements.org/page/InC-EDU/1.0/?language=en,image,
lhs1952_021,lhs1952_001,"1957 LHS Yearbook - p. 36, 37",/objects/lhs1952_021.jpg,London High School,1952,Hi-Y.,Clubs; Activities,London Public Library,"London, OH",Image;StillImage,image/jpeg,eng,"Educational use includes non-commercial use of text and images in materials for teaching and research purposes. For other uses beyond free use, please contact the London Public Library, London, Ohio. ",https://rightsstatements.org/page/InC-EDU/1.0/?language=en,image,
lhs1952_022,lhs1952_001,"1958 LHS Yearbook - p. 38, 39",/objects/lhs1952_022.jpg,London High School,1952,Future Farmers of America.,Clubs; Activities,London Public Library,"London, OH",Image;StillImage,image/jpeg,eng,"Educational use includes non-commercial use of text and images in materials for teaching and research purposes. For other uses beyond free use, please contact the London Public Library, London, Ohio. ",https://rightsstatements.org/page/InC-EDU/1.0/?language=en,image,
lhs1952_023,lhs1952_001,"1959 LHS Yearbook - p. 40, 41",/objects/lhs1952_023.jpg,London High School,1952,Marching band and concert band. ,Clubs; Activities,London Public Library,"London, OH",Image;StillImage,image/jpeg,eng,"Educational use includes non-commercial use of text and images in materials for teaching and research purposes. For other uses beyond free use, please contact the London Public Library, London, Ohio. ",https://rightsstatements.org/page/InC-EDU/1.0/?language=en,image,
lhs1952_024,lhs1952_001,"1960 LHS Yearbook - p. 42, 43",/objects/lhs1952_024.jpg,London High School,1952,Glee club. ,Clubs; Activities,London Public Library,"London, OH",Image;StillImage,image/jpeg,eng,"Educational use includes non-commercial use of text and images in materials for teaching and research purposes. For other uses beyond free use, please contact the London Public Library, London, Ohio. ",https://rightsstatements.org/page/InC-EDU/1.0/?language=en,image,
lhs1952_025,lhs1952_001,"1961 LHS Yearbook - p. 44, 45",/objects/lhs1952_025.jpg,London High School,1952,Dramatics.,Clubs; Activities,London Public Library,"London, OH",Image;StillImage,image/jpeg,eng,"Educational use includes non-commercial use of text and images in materials for teaching and research purposes. For other uses beyond free use, please contact the London Public Library, London, Ohio. ",https://rightsstatements.org/page/InC-EDU/1.0/?language=en,image,
lhs1952_026,lhs1952_001,"1962 LHS Yearbook - p. 46, 47",/objects/lhs1952_026.jpg,London High School,1952,Additional activies. Athletics title page. ,Clubs; Activities; Sports,London Public Library,"London, OH",Image;StillImage,image/jpeg,eng,"Educational use includes non-commercial use of text and images in materials for teaching and research purposes. For other uses beyond free use, please contact the London Public Library, London, Ohio. ",https://rightsstatements.org/page/InC-EDU/1.0/?language=en,image,
lhs1952_027,lhs1952_001,"1963 LHS Yearbook - p. 48, 49",/objects/lhs1952_027.jpg,London High School,1952,Football.,Sports,London Public Library,"London, OH",Image;StillImage,image/jpeg,eng,"Educational use includes non-commercial use of text and images in materials for teaching and research purposes. For other uses beyond free use, please contact the London Public Library, London, Ohio. ",https://rightsstatements.org/page/InC-EDU/1.0/?language=en,image,
lhs1952_028,lhs1952_001,"1964 LHS Yearbook - p. 50, 51",/objects/lhs1952_028.jpg,London High School,1952,Football. ,Sports,London Public Library,"London, OH",Image;StillImage,image/jpeg,eng,"Educational use includes non-commercial use of text and images in materials for teaching and research purposes. For other uses beyond free use, please contact the London Public Library, London, Ohio. ",https://rightsstatements.org/page/InC-EDU/1.0/?language=en,image,
lhs1952_029,lhs1952_001,"1965 LHS Yearbook - p. 52, 53",/objects/lhs1952_029.jpg,London High School,1952,1951 Homecoming and varsity basketball. ,Sports,London Public Library,"London, OH",Image;StillImage,image/jpeg,eng,"Educational use includes non-commercial use of text and images in materials for teaching and research purposes. For other uses beyond free use, please contact the London Public Library, London, Ohio. ",https://rightsstatements.org/page/InC-EDU/1.0/?language=en,image,
lhs1952_030,lhs1952_001,"1966 LHS Yearbook - p. 54, 55",/objects/lhs1952_030.jpg,London High School,1952,Varsity basketball.,Sports,London Public Library,"London, OH",Image;StillImage,image/jpeg,eng,"Educational use includes non-commercial use of text and images in materials for teaching and research purposes. For other uses beyond free use, please contact the London Public Library, London, Ohio. ",https://rightsstatements.org/page/InC-EDU/1.0/?language=en,image,
lhs1952_031,lhs1952_001,"1967 LHS Yearbook - p. 56, 57",/objects/lhs1952_031.jpg,London High School,1952,Reserve basketball and cheerleading.,Sports,London Public Library,"London, OH",Image;StillImage,image/jpeg,eng,"Educational use includes non-commercial use of text and images in materials for teaching and research purposes. For other uses beyond free use, please contact the London Public Library, London, Ohio. ",https://rightsstatements.org/page/InC-EDU/1.0/?language=en,image,
lhs1952_032,lhs1952_001,"1968 LHS Yearbook - p. 58, 59",/objects/lhs1952_032.jpg,London High School,1952,Baseball and golf.,Sports,London Public Library,"London, OH",Image;StillImage,image/jpeg,eng,"Educational use includes non-commercial use of text and images in materials for teaching and research purposes. For other uses beyond free use, please contact the London Public Library, London, Ohio. ",https://rightsstatements.org/page/InC-EDU/1.0/?language=en,image,
lhs1952_033,lhs1952_001,"1969 LHS Yearbook - p. 60, 61",/objects/lhs1952_033.jpg,London High School,1952,Images of different sports and graduation title page.,Sports,London Public Library,"London, OH",Image;StillImage,image/jpeg,eng,"Educational use includes non-commercial use of text and images in materials for teaching and research purposes. For other uses beyond free use, please contact the London Public Library, London, Ohio. ",https://rightsstatements.org/page/InC-EDU/1.0/?language=en,image,
lhs1952_034,lhs1952_001,"1970 LHS Yearbook - p. 62, 63",/objects/lhs1952_034.jpg,London High School,1952,Recognition day and baccalaureate. ,Sports; Seniors,London Public Library,"London, OH",Image;StillImage,image/jpeg,eng,"Educational use includes non-commercial use of text and images in materials for teaching and research purposes. For other uses beyond free use, please contact the London Public Library, London, Ohio. ",https://rightsstatements.org/page/InC-EDU/1.0/?language=en,image,
lhs1952_035,lhs1952_001,"1971 LHS Yearbook - p. 64, 65",/objects/lhs1952_035.jpg,London High School,1952,Commencement and senior activies. ,Seniors,London Public Library,"London, OH",Image;StillImage,image/jpeg,eng,"Educational use includes non-commercial use of text and images in materials for teaching and research purposes. For other uses beyond free use, please contact the London Public Library, London, Ohio. ",https://rightsstatements.org/page/InC-EDU/1.0/?language=en,image,
lhs1952_036,lhs1952_001,"1972 LHS Yearbook - p. 66, 67",/objects/lhs1952_036.jpg,London High School,1952,Images of seniors and list of activies each senior took part in. ,Seniors,London Public Library,"London, OH",Image;StillImage,image/jpeg,eng,"Educational use includes non-commercial use of text and images in materials for teaching and research purposes. For other uses beyond free use, please contact the London Public Library, London, Ohio. ",https://rightsstatements.org/page/InC-EDU/1.0/?language=en,image,
lhs1952_037,lhs1952_001,"1973 LHS Yearbook - p. 68, 69",/objects/lhs1952_037.jpg,London High School,1952,List of activies each senior took part in. ,Seniors,London Public Library,"London, OH",Image;StillImage,image/jpeg,eng,"Educational use includes non-commercial use of text and images in materials for teaching and research purposes. For other uses beyond free use, please contact the London Public Library, London, Ohio. ",https://rightsstatements.org/page/InC-EDU/1.0/?language=en,image,
lhs1952_038,lhs1952_001,"1974 LHS Yearbook - p. 70, 71",/objects/lhs1952_038.jpg,London High School,1952,Yearbook sponsors and professionals and autograph page.,Seniors,London Public Library,"London, OH",Image;StillImage,image/jpeg,eng,"Educational use includes non-commercial use of text and images in materials for teaching and research purposes. For other uses beyond free use, please contact the London Public Library, London, Ohio. ",https://rightsstatements.org/page/InC-EDU/1.0/?language=en,image,
lhs1952_039,lhs1952_001,1975 LHS Yearbook - p. 72,/objects/lhs1952_039.jpg,London High School,1952,Yearbook publisher information. ,,London Public Library,"London, OH",Image;StillImage,image/jpeg,eng,"Educational use includes non-commercial use of text and images in materials for teaching and research purposes. For other uses beyond free use, please contact the London Public Library, London, Ohio. ",https://rightsstatements.org/page/InC-EDU/1.0/?language=en,image,